{
  "model": "custom_cnn",
  "mode": "scratch",
  "accuracy": 0.8798076923076923,
  "precision": 0.8492239467849224,
  "recall": 0.982051282051282,
  "f1": 0.9108204518430439,
  "roc_auc": 0.965061363138286
}