{
  "model": "resnet18",
  "mode": "frozen",
  "accuracy": 0.8205128205128205,
  "precision": 0.7932489451476793,
  "recall": 0.9641025641025641,
  "f1": 0.8703703703703703,
  "roc_auc": 0.9073745342976112
}