{
  "model": "resnet18",
  "mode": "finetune",
  "accuracy": 0.8926282051282052,
  "precision": 0.8565121412803532,
  "recall": 0.9948717948717949,
  "f1": 0.9205219454329775,
  "roc_auc": 0.9818321279859742
}