{
  "model": "densenet121",
  "mode": "finetune",
  "accuracy": 0.8717948717948718,
  "precision": 0.834051724137931,
  "recall": 0.9923076923076923,
  "f1": 0.9063231850117096,
  "roc_auc": 0.9673350865658559
}