{
  "model": "efficientnet_b0",
  "mode": "finetune",
  "accuracy": 0.8830128205128205,
  "precision": 0.8468271334792122,
  "recall": 0.9923076923076923,
  "f1": 0.9138134592680047,
  "roc_auc": 0.9724085031777339
}